{"resourceType":"StructureDefinition","id":"hla-genotype-summary","text":{"status":"generated","div":"<div xmlns=\"http://www.w3.org/1999/xhtml\"><table border=\"0\" cellpadding=\"0\" cellspacing=\"0\" style=\"border: 0px #F0F0F0 solid; font-size: 11px; font-family: verdana; vertical-align: top;\"><tr style=\"border: 1px #F0F0F0 solid; font-size: 11px; font-family: verdana; vertical-align: top;\"><th style=\"vertical-align: top; text-align : left; background-color: white; border: 0px #F0F0F0 solid; padding:0px 4px 0px 4px\" class=\"hierarchy\"><a href=\"http://hl7.org/fhir/R4/formats.html#table\" title=\"The logical name of the element\">Name</a></th><th style=\"vertical-align: top; text-align : left; background-color: white; border: 0px #F0F0F0 solid; padding:0px 4px 0px 4px\" class=\"hierarchy\"><a href=\"http://hl7.org/fhir/R4/formats.html#table\" title=\"Information about the use of the element\">Flags</a></th><th style=\"vertical-align: top; text-align : left; background-color: white; border: 0px #F0F0F0 solid; padding:0px 4px 0px 4px\" class=\"hierarchy\"><a href=\"http://hl7.org/fhir/R4/formats.html#table\" title=\"Minimum and Maximum # of times the the element can appear in the instance\">Card.</a></th><th style=\"width: 100px\" class=\"hierarchy\"><a href=\"http://hl7.org/fhir/R4/formats.html#table\" title=\"Reference to the type of the element\">Type</a></th><th style=\"vertical-align: top; text-align : left; background-color: white; border: 0px #F0F0F0 solid; padding:0px 4px 0px 4px\" class=\"hierarchy\"><a href=\"http://hl7.org/fhir/R4/formats.html#table\" title=\"Additional information about the element\">Description &amp; Constraints</a><span style=\"float: right\"><a href=\"http://hl7.org/fhir/R4/formats.html#table\" title=\"Legend for this format\"><img src=\"http://hl7.org/fhir/R4/help16.png\" alt=\"doco\" style=\"background-color: inherit\"/></a></span></th></tr><tr style=\"border: 0px #F0F0F0 solid; padding:0px; vertical-align: top; background-color: white;\"><td style=\"vertical-align: top; text-align : left; background-color: white; border: 0px #F0F0F0 solid; padding:0px 4px 0px 4px; white-space: nowrap; background-image: url(tbl_bck1.png)\" class=\"hierarchy\"><img src=\"tbl_spacer.png\" alt=\".\" style=\"background-color: inherit\" class=\"hierarchy\"/><img src=\"icon_element.gif\" alt=\".\" style=\"background-color: white; background-color: inherit\" title=\"Element\" class=\"hierarchy\"/> <a href=\"StructureDefinition-hla-genotype-summary-definitions.html#Extension\">Extension</a><a name=\"Extension\"> </a></td><td style=\"vertical-align: top; text-align : left; background-color: white; border: 0px #F0F0F0 solid; padding:0px 4px 0px 4px\" class=\"hierarchy\"/><td style=\"vertical-align: top; text-align : left; background-color: white; border: 0px #F0F0F0 solid; padding:0px 4px 0px 4px\" class=\"hierarchy\"><span style=\"opacity: 0.5\">0</span><span style=\"opacity: 0.5\">..</span><span style=\"opacity: 0.5\">*</span></td><td style=\"vertical-align: top; text-align : left; background-color: white; border: 0px #F0F0F0 solid; padding:0px 4px 0px 4px\" class=\"hierarchy\"><a href=\"http://hl7.org/fhir/R4/extensibility.html#Extension\">Extension</a></td><td style=\"vertical-align: top; text-align : left; background-color: white; border: 0px #F0F0F0 solid; padding:0px 4px 0px 4px\" class=\"hierarchy\"><span style=\"opacity: 0.5\">Extension</span></td></tr>\r\n<tr style=\"border: 0px #F0F0F0 solid; padding:0px; vertical-align: top; background-color: #F7F7F7;\"><td style=\"vertical-align: top; text-align : left; background-color: #F7F7F7; border: 0px #F0F0F0 solid; padding:0px 4px 0px 4px; white-space: nowrap; background-image: url(tbl_bck10.png)\" class=\"hierarchy\"><img src=\"tbl_spacer.png\" alt=\".\" style=\"background-color: inherit\" class=\"hierarchy\"/><img src=\"tbl_vjoin.png\" alt=\".\" style=\"background-color: inherit\" class=\"hierarchy\"/><img src=\"icon_extension_simple.png\" alt=\".\" style=\"background-color: #F7F7F7; background-color: inherit\" title=\"Simple Extension\" class=\"hierarchy\"/> <span style=\"text-decoration:line-through\">extension</span><a name=\"Extension.extension\"> </a></td><td style=\"vertical-align: top; text-align : left; background-color: #F7F7F7; border: 0px #F0F0F0 solid; padding:0px 4px 0px 4px\" class=\"hierarchy\"/><td style=\"vertical-align: top; text-align : left; background-color: #F7F7F7; border: 0px #F0F0F0 solid; padding:0px 4px 0px 4px\" class=\"hierarchy\"><span style=\"text-decoration:line-through\"/><span style=\"text-decoration:line-through\">0</span><span style=\"text-decoration:line-through\">..</span><span style=\"text-decoration:line-through\">0</span></td><td style=\"vertical-align: top; text-align : left; background-color: #F7F7F7; border: 0px #F0F0F0 solid; padding:0px 4px 0px 4px\" class=\"hierarchy\"/><td style=\"vertical-align: top; text-align : left; background-color: #F7F7F7; border: 0px #F0F0F0 solid; padding:0px 4px 0px 4px\" class=\"hierarchy\"/></tr>\r\n<tr style=\"border: 0px #F0F0F0 solid; padding:0px; vertical-align: top; background-color: white;\"><td style=\"vertical-align: top; text-align : left; background-color: white; border: 0px #F0F0F0 solid; padding:0px 4px 0px 4px; white-space: nowrap; background-image: url(tbl_bck10.png)\" class=\"hierarchy\"><img src=\"tbl_spacer.png\" alt=\".\" style=\"background-color: inherit\" class=\"hierarchy\"/><img src=\"tbl_vjoin.png\" alt=\".\" style=\"background-color: inherit\" class=\"hierarchy\"/><img src=\"icon_element.gif\" alt=\".\" style=\"background-color: white; background-color: inherit\" title=\"Element\" class=\"hierarchy\"/> <a href=\"StructureDefinition-hla-genotype-summary-definitions.html#Extension.url\">url</a><a name=\"Extension.url\"> </a></td><td style=\"vertical-align: top; text-align : left; background-color: white; border: 0px #F0F0F0 solid; padding:0px 4px 0px 4px\" class=\"hierarchy\"/><td style=\"vertical-align: top; text-align : left; background-color: white; border: 0px #F0F0F0 solid; padding:0px 4px 0px 4px\" class=\"hierarchy\"><span style=\"opacity: 0.5\">1</span><span style=\"opacity: 0.5\">..</span><span style=\"opacity: 0.5\">1</span></td><td style=\"vertical-align: top; text-align : left; background-color: white; border: 0px #F0F0F0 solid; padding:0px 4px 0px 4px\" class=\"hierarchy\"><a style=\"opacity: 0.5\" href=\"http://hl7.org/fhir/R4/datatypes.html#uri\">uri</a></td><td style=\"vertical-align: top; text-align : left; background-color: white; border: 0px #F0F0F0 solid; padding:0px 4px 0px 4px\" class=\"hierarchy\"><span style=\"color: darkgreen\">&quot;http://fhir.nmdp.org/ig/hla-reporting/StructureDefinition/hla-genotype-summary&quot;</span></td></tr>\r\n<tr style=\"border: 0px #F0F0F0 solid; padding:0px; vertical-align: top; background-color: #F7F7F7;\"><td style=\"vertical-align: top; text-align : left; background-color: #F7F7F7; border: 0px #F0F0F0 solid; padding:0px 4px 0px 4px; white-space: nowrap; background-image: url(tbl_bck01.png)\" class=\"hierarchy\"><img src=\"tbl_spacer.png\" alt=\".\" style=\"background-color: inherit\" class=\"hierarchy\"/><img src=\"tbl_vjoin_end.png\" alt=\".\" style=\"background-color: inherit\" class=\"hierarchy\"/><img src=\"icon_datatype.gif\" alt=\".\" style=\"background-color: #F7F7F7; background-color: inherit\" title=\"Data Type\" class=\"hierarchy\"/> <a href=\"StructureDefinition-hla-genotype-summary-definitions.html#Extension.value[x]\">value[x]</a><a name=\"Extension.value_x_\"> </a></td><td style=\"vertical-align: top; text-align : left; background-color: #F7F7F7; border: 0px #F0F0F0 solid; padding:0px 4px 0px 4px\" class=\"hierarchy\"/><td style=\"vertical-align: top; text-align : left; background-color: #F7F7F7; border: 0px #F0F0F0 solid; padding:0px 4px 0px 4px\" class=\"hierarchy\"><span style=\"opacity: 0.5\">0</span><span style=\"opacity: 0.5\">..</span><span style=\"opacity: 0.5\">1</span></td><td style=\"vertical-align: top; text-align : left; background-color: #F7F7F7; border: 0px #F0F0F0 solid; padding:0px 4px 0px 4px\" class=\"hierarchy\"><a href=\"http://hl7.org/fhir/R4/datatypes.html#CodeableConcept\">CodeableConcept</a></td><td style=\"vertical-align: top; text-align : left; background-color: #F7F7F7; border: 0px #F0F0F0 solid; padding:0px 4px 0px 4px\" class=\"hierarchy\"><span style=\"opacity: 0.5\">Value of extension</span><br/><span style=\"font-weight:bold\">Required Pattern: </span><span style=\"color: darkgreen\">At least the following</span></td></tr>\r\n<tr style=\"border: 0px #F0F0F0 solid; padding:0px; vertical-align: top; background-color: white;\"><td style=\"vertical-align: top; text-align : left; background-color: white; border: 0px #F0F0F0 solid; padding:0px 4px 0px 4px; white-space: nowrap; background-image: url(tbl_bck001.png)\" class=\"hierarchy\"><img src=\"tbl_spacer.png\" alt=\".\" style=\"background-color: inherit\" class=\"hierarchy\"/><img src=\"tbl_blank.png\" alt=\".\" style=\"background-color: inherit\" class=\"hierarchy\"/><img src=\"tbl_vjoin_end.png\" alt=\".\" style=\"background-color: inherit\" class=\"hierarchy\"/><img src=\"icon_fixed.gif\" alt=\".\" style=\"background-color: white; background-color: inherit\" title=\"Fixed Value\" class=\"hierarchy\"/> <a href=\"http://hl7.org/fhir/R4/datatypes-definitions.html#CodeableConcept.coding\">coding</a></td><td style=\"vertical-align: top; text-align : left; background-color: white; border: 0px #F0F0F0 solid; padding:0px 4px 0px 4px\" class=\"hierarchy\"/><td style=\"vertical-align: top; text-align : left; background-color: white; border: 0px #F0F0F0 solid; padding:0px 4px 0px 4px\" class=\"hierarchy\">1..*</td><td style=\"vertical-align: top; text-align : left; background-color: white; border: 0px #F0F0F0 solid; padding:0px 4px 0px 4px\" class=\"hierarchy\"><a href=\"http://hl7.org/fhir/R4/datatypes.html#Coding\">Coding</a></td><td style=\"vertical-align: top; text-align : left; background-color: white; border: 0px #F0F0F0 solid; padding:0px 4px 0px 4px\" class=\"hierarchy\">Code defined by a terminology system<br/><span style=\"font-weight: bold\">Fixed Value: </span><span style=\"color: darkgreen\">(complex)</span></td></tr>\r\n<tr style=\"border: 0px #F0F0F0 solid; padding:0px; vertical-align: top; background-color: #F7F7F7;\"><td style=\"vertical-align: top; text-align : left; background-color: #F7F7F7; border: 0px #F0F0F0 solid; padding:0px 4px 0px 4px; white-space: nowrap; background-image: url(tbl_bck0000.png)\" class=\"hierarchy\"><img src=\"tbl_spacer.png\" alt=\".\" style=\"background-color: inherit\" class=\"hierarchy\"/><img src=\"tbl_blank.png\" alt=\".\" style=\"background-color: inherit\" class=\"hierarchy\"/><img src=\"tbl_blank.png\" alt=\".\" style=\"background-color: inherit\" class=\"hierarchy\"/><img src=\"tbl_vjoin_end.png\" alt=\".\" style=\"background-color: inherit\" class=\"hierarchy\"/><img src=\"icon_fixed.gif\" alt=\".\" style=\"background-color: #F7F7F7; background-color: inherit\" title=\"Fixed Value\" class=\"hierarchy\"/> <a href=\"http://hl7.org/fhir/R4/datatypes-definitions.html#Coding.system\">system</a></td><td style=\"vertical-align: top; text-align : left; background-color: #F7F7F7; border: 0px #F0F0F0 solid; padding:0px 4px 0px 4px\" class=\"hierarchy\"/><td style=\"vertical-align: top; text-align : left; background-color: #F7F7F7; border: 0px #F0F0F0 solid; padding:0px 4px 0px 4px\" class=\"hierarchy\">1..1</td><td style=\"vertical-align: top; text-align : left; background-color: #F7F7F7; border: 0px #F0F0F0 solid; padding:0px 4px 0px 4px\" class=\"hierarchy\"><a href=\"http://hl7.org/fhir/R4/datatypes.html#uri\">uri</a></td><td style=\"vertical-align: top; text-align : left; background-color: #F7F7F7; border: 0px #F0F0F0 solid; padding:0px 4px 0px 4px\" class=\"hierarchy\">Identity of the terminology system<br/><span style=\"font-weight: bold\">Fixed Value: </span><span style=\"color: darkgreen\">http://glstring.org</span></td></tr>\r\n<tr><td colspan=\"5\" class=\"hierarchy\"><br/><a href=\"http://hl7.org/fhir/R4/formats.html#table\" title=\"Legend for this format\"><img src=\"http://hl7.org/fhir/R4/help16.png\" alt=\"doco\" style=\"background-color: inherit\"/> Documentation for this format</a></td></tr></table></div>"},"url":"http://fhir.nmdp.org/ig/hla-reporting/StructureDefinition/hla-genotype-summary","version":"0.0.1","name":"HLAGenotypeSummary","title":"HLA Genotype Summary","status":"active","date":"2020-06-08T12:05:38-05:00","publisher":"NMDP/Be The Match","contact":[{"name":"Bob Milius","telecom":[{"system":"email","value":"mailto:bmilius@nmdp.org"}]}],"description":"Summary genotype of HLA in GL String Code","fhirVersion":"4.0.1","mapping":[{"identity":"rim","uri":"http://hl7.org/v3","name":"RIM Mapping"}],"kind":"complex-type","abstract":false,"context":[{"type":"element","expression":"Element"}],"type":"Extension","baseDefinition":"http://hl7.org/fhir/StructureDefinition/Extension","derivation":"constraint","snapshot":{"element":[{"id":"Extension","path":"Extension","short":"Extension","definition":"An Extension","min":0,"max":"*","base":{"path":"Extension","min":0,"max":"*"},"condition":["ele-1"],"constraint":[{"key":"ele-1","severity":"error","human":"All FHIR elements must have a @value or children","expression":"hasValue() or (children().count() > id.count())","xpath":"@value|f:*|h:div","source":"http://hl7.org/fhir/StructureDefinition/Element"},{"key":"ext-1","severity":"error","human":"Must have either extensions or value[x], not both","expression":"extension.exists() != value.exists()","xpath":"exists(f:extension)!=exists(f:*[starts-with(local-name(.), 'value')])","source":"http://hl7.org/fhir/StructureDefinition/Extension"}],"isModifier":false},{"id":"Extension.id","path":"Extension.id","representation":["xmlAttr"],"short":"Unique id for inter-element referencing","definition":"Unique id for the element within a resource (for internal references). This may be any string value that does not contain spaces.","min":0,"max":"1","base":{"path":"Element.id","min":0,"max":"1"},"type":[{"extension":[{"url":"http://hl7.org/fhir/StructureDefinition/structuredefinition-fhir-type","valueUrl":"string"}],"code":"http://hl7.org/fhirpath/System.String"}],"isModifier":false,"isSummary":false,"mapping":[{"identity":"rim","map":"n/a"}]},{"id":"Extension.extension","path":"Extension.extension","slicing":{"discriminator":[{"type":"value","path":"url"}],"description":"Extensions are always sliced by (at least) url","rules":"open"},"short":"Extension","definition":"An Extension","min":0,"max":"0","base":{"path":"Element.extension","min":0,"max":"*"},"type":[{"code":"Extension"}],"constraint":[{"key":"ele-1","severity":"error","human":"All FHIR elements must have a @value or children","expression":"hasValue() or (children().count() > id.count())","xpath":"@value|f:*|h:div","source":"http://hl7.org/fhir/StructureDefinition/Element"},{"key":"ext-1","severity":"error","human":"Must have either extensions or value[x], not both","expression":"extension.exists() != value.exists()","xpath":"exists(f:extension)!=exists(f:*[starts-with(local-name(.), \"value\")])","source":"http://hl7.org/fhir/StructureDefinition/Extension"}],"isModifier":false,"isSummary":false},{"id":"Extension.url","path":"Extension.url","representation":["xmlAttr"],"short":"identifies the meaning of the extension","definition":"Source of the definition for the extension code - a logical name or a URL.","comment":"The definition may point directly to a computable or human-readable definition of the extensibility codes, or it may be a logical URI as declared in some other specification. The definition SHALL be a URI for the Structure Definition defining the extension.","min":1,"max":"1","base":{"path":"Extension.url","min":1,"max":"1"},"type":[{"extension":[{"url":"http://hl7.org/fhir/StructureDefinition/structuredefinition-fhir-type","valueUrl":"uri"}],"code":"http://hl7.org/fhirpath/System.String"}],"fixedUri":"http://fhir.nmdp.org/ig/hla-reporting/StructureDefinition/hla-genotype-summary","isModifier":false,"isSummary":false,"mapping":[{"identity":"rim","map":"N/A"}]},{"id":"Extension.value[x]","path":"Extension.value[x]","short":"Value of extension","definition":"Value of extension - must be one of a constrained set of the data types (see [Extensibility](http://hl7.org/fhir/R4/extensibility.html) for a list).","min":0,"max":"1","base":{"path":"Extension.value[x]","min":0,"max":"1"},"type":[{"code":"CodeableConcept"}],"patternCodeableConcept":{"coding":[{"system":"http://glstring.org"}]},"constraint":[{"key":"ele-1","severity":"error","human":"All FHIR elements must have a @value or children","expression":"hasValue() or (children().count() > id.count())","xpath":"@value|f:*|h:div","source":"http://hl7.org/fhir/StructureDefinition/Element"}],"isModifier":false,"isSummary":false,"mapping":[{"identity":"rim","map":"N/A"}]}]},"differential":{"element":[{"id":"Extension","path":"Extension"},{"id":"Extension.extension","path":"Extension.extension","max":"0"},{"id":"Extension.url","path":"Extension.url","fixedUri":"http://fhir.nmdp.org/ig/hla-reporting/StructureDefinition/hla-genotype-summary"},{"id":"Extension.value[x]","path":"Extension.value[x]","type":[{"code":"CodeableConcept"}],"patternCodeableConcept":{"coding":[{"system":"http://glstring.org"}]}}]}}