<?xml version="1.0" encoding="UTF-8"?>

<Observation xmlns="http://hl7.org/fhir">
  <id value="HLA-B-GenotypeExample"/>
  <meta>
    <profile value="http://fhir.nmdp.org/ig/hla-reporting/StructureDefinition/hla-genotype"/>
  </meta>
  <text>
    <status value="generated"/><div xmlns="http://www.w3.org/1999/xhtml"><p><b>Generated Narrative with Details</b></p><p><b>id</b>: HLA-B-GenotypeExample</p><p><b>meta</b>: </p><p><b>status</b>: final</p><p><b>category</b>: Laboratory <span style="background: LightGoldenRodYellow">(Details : {http://terminology.hl7.org/CodeSystem/observation-category code 'laboratory' = 'Laboratory)</span></p><p><b>code</b>: Genotype display name <span style="background: LightGoldenRodYellow">(Details : {LOINC code '84413-4' = 'Genotype display name)</span></p><p><b>value</b>: hla#3.25.0#HLA-B*57:01:01:01+HLA-B*15:01:01:01 <span style="background: LightGoldenRodYellow">(Details : {http://glstring.org code 'hla#3.25.0#HLA-B*57:01:01:01+HLA-B*15:01:01:01' = 'hla#3.25.0#HLA-B*57:01:01:01+HLA-B*15:01:01:01)</span></p><p><b>derivedFrom</b>: </p><ul><li><a href="Observation-HLA-B-AlleleExample1.html">Generated Summary: id: HLA-B-AlleleExample1; <span title="Codes: {http://terminology.hl7.org/CodeSystem/observation-category laboratory}">Laboratory</span>; <span title="Codes: {http://loinc.org 84414-2}">Haplotype name</span>; <span title="Codes: {http://glstring.org hla#3.25.0#HLA-B*57:01:01:01}">hla#3.25.0#HLA-B*57:01:01:01</span></a></li><li><a href="Observation-HLA-B-AlleleExample2.html">Generated Summary: id: HLA-B-AlleleExample2; <span title="Codes: {http://terminology.hl7.org/CodeSystem/observation-category laboratory}">Laboratory</span>; <span title="Codes: {http://loinc.org 84414-2}">Haplotype name</span>; <span title="Codes: {http://glstring.org hla#3.25.0#HLA-B*15:01:01:01}">hla#3.25.0#HLA-B*15:01:01:01</span></a></li></ul><h3>Components</h3><table class="grid"><tr><td>-</td><td><b>Code</b></td><td><b>Value[x]</b></td></tr><tr><td>*</td><td>Gene studied [ID] <span style="background: LightGoldenRodYellow">(Details : {LOINC code '48018-6' = 'Gene studied [ID])</span></td><td>HLA-B <span style="background: LightGoldenRodYellow">(Details : {http://www.genenames.org/geneId code 'HGNC:4932' = 'HLA-B', given as 'HLA-B'})</span></td></tr></table></div>
  </text>
  <status value="final"/>
  <category>
    <coding>
      <system value="http://terminology.hl7.org/CodeSystem/observation-category"/>
      <code value="laboratory"/>
    </coding>
  </category>
  <code>
    <coding>
      <system value="http://loinc.org"/>
      <code value="84413-4"/>
    </coding>
  </code>
  <valueCodeableConcept>
    <coding>
      <system value="http://glstring.org"/>
      <code value="hla#3.25.0#HLA-B*57:01:01:01+HLA-B*15:01:01:01"/>
    </coding>
  </valueCodeableConcept>
  <derivedFrom>
    <reference value="Observation/HLA-B-AlleleExample1"/>
  </derivedFrom>
  <derivedFrom>
    <reference value="Observation/HLA-B-AlleleExample2"/>
  </derivedFrom>
  <component>
    <code>
      <coding>
        <system value="http://loinc.org"/>
        <code value="48018-6"/>
      </coding>
    </code>
    <valueCodeableConcept>
      <coding>
        <system value="http://www.genenames.org/geneId"/>
        <code value="HGNC:4932"/>
        <display value="HLA-B"/>
      </coding>
    </valueCodeableConcept>
  </component>
</Observation>