{"resourceType":"ImplementationGuide","id":"hla-reporting","text":{"status":"generated","div":"<div xmlns=\"http://www.w3.org/1999/xhtml\"><h2>HLAReportingImplementationGuide</h2><p>The official URL for this implementation guide is: </p><pre>http://fhir.nmdp.org/ig/hla-reporting/ImplementationGuide/hla-reporting</pre><div><p>How to report HLA genotyping using FHIR</p>\n</div></div>"},"url":"http://fhir.nmdp.org/ig/hla-reporting/ImplementationGuide/hla-reporting","version":"0.1.0","name":"HLAReportingImplementationGuide","title":"HLA Reporting Implementation Guide","status":"active","date":"2020-04-02T14:45:05-05:00","publisher":"NMDP/Be The Match","contact":[{"name":"Bob Milius","telecom":[{"system":"email","value":"bmilius@nmdp.org"}]}],"description":"How to report HLA genotyping using FHIR","packageId":"hla-reporting","license":"CC0-1.0","fhirVersion":["4.0.1"],"dependsOn":[{"uri":"http://hl7.org/fhir/uv/genomics-reporting/ImplementationGuide/hl7.fhir.uv.genomics-reporting","packageId":"hl7.fhir.uv.genomics-reporting","version":"1.0.0"}],"definition":{"extension":[{"extension":[{"url":"code","valueString":"copyrightyear"},{"url":"value","valueString":"2019+"}],"url":"http://hl7.org/fhir/tools/StructureDefinition/ig-parameter"},{"extension":[{"url":"code","valueString":"releaselabel"},{"url":"value","valueString":"STU1"}],"url":"http://hl7.org/fhir/tools/StructureDefinition/ig-parameter"},{"extension":[{"url":"code","valueString":"show-inherited-invariants"},{"url":"value","valueString":"false"}],"url":"http://hl7.org/fhir/tools/StructureDefinition/ig-parameter"},{"extension":[{"url":"code","valueString":"path-liquid"},{"url":"value","valueString":"template/liquid"}],"url":"http://hl7.org/fhir/tools/StructureDefinition/ig-parameter"},{"extension":[{"url":"code","valueString":"path-liquid"},{"url":"value","valueString":"input/liquid"}],"url":"http://hl7.org/fhir/tools/StructureDefinition/ig-parameter"},{"extension":[{"url":"code","valueString":"path-qa"},{"url":"value","valueString":"temp/qa"}],"url":"http://hl7.org/fhir/tools/StructureDefinition/ig-parameter"},{"extension":[{"url":"code","valueString":"path-temp"},{"url":"value","valueString":"temp/pages"}],"url":"http://hl7.org/fhir/tools/StructureDefinition/ig-parameter"},{"extension":[{"url":"code","valueString":"path-output"},{"url":"value","valueString":"output"}],"url":"http://hl7.org/fhir/tools/StructureDefinition/ig-parameter"},{"extension":[{"url":"code","valueString":"path-suppressed-warnings"},{"url":"value","valueString":"input/ignoreWarnings.txt"}],"url":"http://hl7.org/fhir/tools/StructureDefinition/ig-parameter"},{"extension":[{"url":"code","valueString":"path-history"},{"url":"value","valueString":"http://fhir.nmdp.org/ig/hla-reporting/history.html"}],"url":"http://hl7.org/fhir/tools/StructureDefinition/ig-parameter"},{"extension":[{"url":"code","valueString":"template-html"},{"url":"value","valueString":"template-page.html"}],"url":"http://hl7.org/fhir/tools/StructureDefinition/ig-parameter"},{"extension":[{"url":"code","valueString":"template-md"},{"url":"value","valueString":"template-page-md.html"}],"url":"http://hl7.org/fhir/tools/StructureDefinition/ig-parameter"},{"extension":[{"url":"code","valueString":"apply-contact"},{"url":"value","valueString":"true"}],"url":"http://hl7.org/fhir/tools/StructureDefinition/ig-parameter"},{"extension":[{"url":"code","valueString":"apply-context"},{"url":"value","valueString":"true"}],"url":"http://hl7.org/fhir/tools/StructureDefinition/ig-parameter"},{"extension":[{"url":"code","valueString":"apply-copyright"},{"url":"value","valueString":"true"}],"url":"http://hl7.org/fhir/tools/StructureDefinition/ig-parameter"},{"extension":[{"url":"code","valueString":"apply-jurisdiction"},{"url":"value","valueString":"true"}],"url":"http://hl7.org/fhir/tools/StructureDefinition/ig-parameter"},{"extension":[{"url":"code","valueString":"apply-license"},{"url":"value","valueString":"true"}],"url":"http://hl7.org/fhir/tools/StructureDefinition/ig-parameter"},{"extension":[{"url":"code","valueString":"apply-publisher"},{"url":"value","valueString":"true"}],"url":"http://hl7.org/fhir/tools/StructureDefinition/ig-parameter"},{"extension":[{"url":"code","valueString":"apply-version"},{"url":"value","valueString":"true"}],"url":"http://hl7.org/fhir/tools/StructureDefinition/ig-parameter"},{"extension":[{"url":"code","valueString":"active-tables"},{"url":"value","valueString":"true"}],"url":"http://hl7.org/fhir/tools/StructureDefinition/ig-parameter"}],"grouping":[{"id":"_str_profile","name":"Structures: Resource Profiles","description":"These define constraints on FHIR resources that need to be complied with by conformant implementations"},{"id":"_term_valueset","name":"Terminology: Value Sets","description":"These define sets of codes used by systems conforming with this implementation guide"},{"id":"_term_codesystem","name":"Terminology: Code Systems","description":"These define new code systems used by systems conforming with this implementation guide"},{"id":"_ex_example","name":"Example: Example Instances","description":"These are example instances that show what data produced and consumed by systems conforming with this implementation guide might look like"}],"resource":[{"extension":[{"url":"http://hl7.org/fhir/StructureDefinition/implementationguide-page","valueUri":"StructureDefinition-hla-genotype.html"}],"reference":{"reference":"StructureDefinition/hla-genotype"},"name":"HLA Genotype Observation","description":"HLA Genotype profile of genotype observation","exampleBoolean":false,"groupingId":"_str_profile"},{"extension":[{"url":"http://hl7.org/fhir/StructureDefinition/implementationguide-page","valueUri":"StructureDefinition-hla-molecularsequence.html"}],"reference":{"reference":"StructureDefinition/hla-molecularsequence"},"name":"HLA Molecular Sequence","description":"HLA profile of MolecularSequence resource","exampleBoolean":false,"groupingId":"_str_profile"},{"extension":[{"url":"http://hl7.org/fhir/StructureDefinition/implementationguide-page","valueUri":"StructureDefinition-hla-summary-report.html"}],"reference":{"reference":"StructureDefinition/hla-summary-report"},"name":"HLA Summary Report","description":"HLA Summary Report profile of genomics report","exampleBoolean":false,"groupingId":"_str_profile"},{"extension":[{"url":"http://hl7.org/fhir/StructureDefinition/implementationguide-page","valueUri":"StructureDefinition-hla-allele.html"}],"reference":{"reference":"StructureDefinition/hla-allele"},"name":"HLA Allele Observation","description":"HLA Allele profile of haplotype observation","exampleBoolean":false,"groupingId":"_str_profile"},{"extension":[{"url":"http://hl7.org/fhir/StructureDefinition/implementationguide-page","valueUri":"ValueSet-hla-geneid-valueset.html"}],"reference":{"reference":"ValueSet/hla-geneid-valueset"},"name":"HLA Gene Name Value Set","description":"HLA HGNC GeneIds Valueset","exampleBoolean":false,"groupingId":"_term_valueset"},{"extension":[{"url":"http://hl7.org/fhir/StructureDefinition/implementationguide-page","valueUri":"CodeSystem-glstring-codesystem.html"}],"reference":{"reference":"CodeSystem/glstring-codesystem"},"name":"Genotype List String Code CodeSystem","description":"Genotype List String Codesystem used for HLA reporting","exampleBoolean":false,"groupingId":"_term_codesystem"},{"extension":[{"url":"http://hl7.org/fhir/StructureDefinition/implementationguide-page","valueUri":"CodeSystem-hla-genename-codesystem.html"}],"reference":{"reference":"CodeSystem/hla-genename-codesystem"},"name":"HLA HGNC GeneID CodeSystem","description":"CodeSystem of HLA gene group subset of HGNC GeneId Codesystem","exampleBoolean":false,"groupingId":"_term_codesystem"},{"extension":[{"url":"http://hl7.org/fhir/StructureDefinition/implementationguide-page","valueUri":"Observation-HLA-A-GenotypeExample1.html"}],"reference":{"reference":"Observation/HLA-A-GenotypeExample1"},"name":"HLA-A Genotype Example 1","description":"Example of HLA-A genotyping using IMGT/HLA 3.25 nomenclature","exampleCanonical":"http://fhir.nmdp.org/ig/hla-reporting/StructureDefinition/hla-genotype","groupingId":"_ex_example"}],"page":{"nameUrl":"toc.html","title":"Table of Contents","generation":"html","page":[{"nameUrl":"index.html","title":"Home","generation":"html"},{"nameUrl":"background.html","title":"Background","generation":"markdown"},{"nameUrl":"downloads.html","title":"Downloads","generation":"markdown"},{"nameUrl":"spec.html","title":"Spec","generation":"markdown"},{"nameUrl":"artifacts.html","title":"Artifacts Summary","generation":"html","page":[{"nameUrl":"StructureDefinition-hla-genotype.html","title":"HLA Genotype Observation","generation":"generated"},{"nameUrl":"StructureDefinition-hla-molecularsequence.html","title":"HLA Molecular Sequence","generation":"generated"},{"nameUrl":"StructureDefinition-hla-summary-report.html","title":"HLA Summary Report","generation":"generated"},{"nameUrl":"StructureDefinition-hla-allele.html","title":"HLA Allele Observation","generation":"generated"},{"nameUrl":"ValueSet-hla-geneid-valueset.html","title":"HLA Gene Name Value Set","generation":"generated"},{"nameUrl":"CodeSystem-glstring-codesystem.html","title":"Genotype List String Code CodeSystem","generation":"generated"},{"nameUrl":"CodeSystem-hla-genename-codesystem.html","title":"HLA HGNC GeneID CodeSystem","generation":"generated"},{"nameUrl":"Observation-HLA-A-GenotypeExample1.html","title":"HLA-A Genotype Example 1","generation":"generated"}]}]},"parameter":[{"code":"path-resource","value":"input/capabilities"},{"code":"path-resource","value":"input/examples"},{"code":"path-resource","value":"input/extensions"},{"code":"path-resource","value":"input/models"},{"code":"path-resource","value":"input/operations"},{"code":"path-resource","value":"input/profiles"},{"code":"path-resource","value":"input/resources"},{"code":"path-resource","value":"input/vocabulary"},{"code":"path-resource","value":"input/maps"},{"code":"path-pages","value":"template/config"},{"code":"path-pages","value":"input/images"},{"code":"path-tx-cache","value":"input-cache/txcache"}]}}