{"resourceType":"ValueSet","id":"hla-geneid-valueset","text":{"status":"generated","div":"<div xmlns=\"http://www.w3.org/1999/xhtml\"><h2>HLA Gene Name Value Set</h2><div><p>HLA HGNC GeneIds Valueset</p>\n</div><ul><li>Include these codes as defined in <a href=\"CodeSystem-hla-genename-codesystem.html\"><code>http://www.genenames.org/geneId</code></a><table class=\"none\"><tr><td style=\"white-space:nowrap\"><b>Code</b></td><td><b>Display</b></td></tr><tr><td>HGNC:4931</td><td>HLA-A</td><td>major histocompatibility complex, class I, A</td></tr><tr><td>HGNC:4932</td><td>HLA-B</td><td>major histocompatibility complex, class I, B</td></tr><tr><td>HGNC:4933</td><td>HLA-C</td><td>major histocompatibility complex, class I, C</td></tr><tr><td>HGNC:4934</td><td>HLA-DMA</td><td>major histocompatibility complex, class II, DM alpha</td></tr><tr><td>HGNC:4935</td><td>HLA-DMB</td><td>major histocompatibility complex, class II, DM beta</td></tr><tr><td>HGNC:4936</td><td>HLA-DOA</td><td>major histocompatibility complex, class II, DO alpha</td></tr><tr><td>HGNC:4937</td><td>HLA-DOB</td><td>major histocompatibility complex, class II, DO beta</td></tr><tr><td>HGNC:4938</td><td>HLA-DPA1</td><td>major histocompatibility complex, class II, DP alpha 1</td></tr><tr><td>HGNC:4939</td><td>HLA-DPA2</td><td>major histocompatibility complex, class II, DP alpha 2 (pseudogene)</td></tr><tr><td>HGNC:19393</td><td>HLA-DPA3</td><td>major histocompatibility complex, class II, DP alpha 3 (pseudogene)</td></tr><tr><td>HGNC:4940</td><td>HLA-DPB1</td><td>major histocompatibility complex, class II, DP beta 1</td></tr><tr><td>HGNC:4941</td><td>HLA-DPB2</td><td>major histocompatibility complex, class II, DP beta 2 (pseudogene)</td></tr><tr><td>HGNC:4942</td><td>HLA-DQA1</td><td>major histocompatibility complex, class II, DQ alpha 1</td></tr><tr><td>HGNC:4943</td><td>HLA-DQA2</td><td>major histocompatibility complex, class II, DQ alpha 2</td></tr><tr><td>HGNC:4944</td><td>HLA-DQB1</td><td>major histocompatibility complex, class II, DQ beta 1</td></tr><tr><td>HGNC:4945</td><td>HLA-DQB2</td><td>major histocompatibility complex, class II, DQ beta 2</td></tr><tr><td>HGNC:4946</td><td>HLA-DQB3</td><td>major histocompatibility complex, class II, DQ beta 3</td></tr><tr><td>HGNC:4947</td><td>HLA-DRA</td><td>major histocompatibility complex, class II, DR alpha</td></tr><tr><td>HGNC:4948</td><td>HLA-DRB1</td><td>major histocompatibility complex, class II, DR beta 1</td></tr><tr><td>HGNC:4950</td><td>HLA-DRB2</td><td>major histocompatibility complex, class II, DR beta 2 (pseudogene)</td></tr><tr><td>HGNC:4951</td><td>HLA-DRB3</td><td>major histocompatibility complex, class II, DR beta 3</td></tr><tr><td>HGNC:4952</td><td>HLA-DRB4</td><td>major histocompatibility complex, class II, DR beta 4</td></tr><tr><td>HGNC:4953</td><td>HLA-DRB5</td><td>major histocompatibility complex, class II, DR beta 5</td></tr><tr><td>HGNC:4954</td><td>HLA-DRB6</td><td>major histocompatibility complex, class II, DR beta 6 (pseudogene)</td></tr><tr><td>HGNC:4955</td><td>HLA-DRB7</td><td>major histocompatibility complex, class II, DR beta 7 (pseudogene)</td></tr><tr><td>HGNC:4956</td><td>HLA-DRB8</td><td>major histocompatibility complex, class II, DR beta 8 (pseudogene)</td></tr><tr><td>HGNC:4957</td><td>HLA-DRB9</td><td>major histocompatibility complex, class II, DR beta 9 (pseudogene)</td></tr><tr><td>HGNC:4962</td><td>HLA-E</td><td>major histocompatibility complex, class I, E</td></tr><tr><td>HGNC:4963</td><td>HLA-F</td><td>major histocompatibility complex, class I, F</td></tr><tr><td>HGNC:4964</td><td>HLA-G</td><td>major histocompatibility complex, class I, G</td></tr><tr><td>HGNC:4965</td><td>HLA-H</td><td>major histocompatibility complex, class I, H (pseudogene)</td></tr><tr><td>HGNC:4967</td><td>HLA-J</td><td>major histocompatibility complex, class I, J (pseudogene)</td></tr><tr><td>HGNC:4969</td><td>HLA-K</td><td>major histocompatibility complex, class I, K (pseudogene)</td></tr><tr><td>HGNC:4970</td><td>HLA-L</td><td>major histocompatibility complex, class I, L (pseudogene)</td></tr><tr><td>HGNC:19406</td><td>HLA-N</td><td>major histocompatibility complex, class I, N (pseudogene)</td></tr><tr><td>HGNC:21196</td><td>HLA-P</td><td>major histocompatibility complex, class I, P (pseudogene)</td></tr><tr><td>HGNC:19395</td><td>HLA-S</td><td>major histocompatibility complex, class I, S (pseudogene)</td></tr><tr><td>HGNC:23478</td><td>HLA-T</td><td>major histocompatibility complex, class I, T (pseudogene)</td></tr><tr><td>HGNC:23477</td><td>HLA-U</td><td>major histocompatibility complex, class I, U (pseudogene)</td></tr><tr><td>HGNC:23482</td><td>HLA-V</td><td>major histocompatibility complex, class I, V (pseudogene)</td></tr><tr><td>HGNC:23425</td><td>HLA-W</td><td>major histocompatibility complex, class I, W (pseudogene)</td></tr><tr><td>HGNC:19385</td><td>HLA-X</td><td>major histocompatibility complex, class I, X (pseudogene)</td></tr><tr><td>HGNC:33913</td><td>HLA-Y</td><td>major histocompatibility complex, class I, Y (pseudogene)</td></tr><tr><td>HGNC:19394</td><td>HLA-Z</td><td>major histocompatibility complex, class I, Z (pseudogene)</td></tr></table></li></ul></div>"},"url":"http://fhir.nmdp.org/ig/hla-reporting/ValueSet/hla-geneid-valueset","version":"0.1.0","name":"HLAGeneIdVS","title":"HLA Gene Name Value Set","status":"active","date":"2020-04-02T14:45:05-05:00","publisher":"NMDP/Be The Match","contact":[{"name":"Bob Milius","telecom":[{"system":"email","value":"bmilius@nmdp.org"}]}],"description":"HLA HGNC GeneIds Valueset","compose":{"include":[{"system":"http://www.genenames.org/geneId","concept":[{"code":"HGNC:4931","display":"HLA-A"},{"code":"HGNC:4932","display":"HLA-B"},{"code":"HGNC:4933","display":"HLA-C"},{"code":"HGNC:4934","display":"HLA-DMA"},{"code":"HGNC:4935","display":"HLA-DMB"},{"code":"HGNC:4936","display":"HLA-DOA"},{"code":"HGNC:4937","display":"HLA-DOB"},{"code":"HGNC:4938","display":"HLA-DPA1"},{"code":"HGNC:4939","display":"HLA-DPA2"},{"code":"HGNC:19393","display":"HLA-DPA3"},{"code":"HGNC:4940","display":"HLA-DPB1"},{"code":"HGNC:4941","display":"HLA-DPB2"},{"code":"HGNC:4942","display":"HLA-DQA1"},{"code":"HGNC:4943","display":"HLA-DQA2"},{"code":"HGNC:4944","display":"HLA-DQB1"},{"code":"HGNC:4945","display":"HLA-DQB2"},{"code":"HGNC:4946","display":"HLA-DQB3"},{"code":"HGNC:4947","display":"HLA-DRA"},{"code":"HGNC:4948","display":"HLA-DRB1"},{"code":"HGNC:4950","display":"HLA-DRB2"},{"code":"HGNC:4951","display":"HLA-DRB3"},{"code":"HGNC:4952","display":"HLA-DRB4"},{"code":"HGNC:4953","display":"HLA-DRB5"},{"code":"HGNC:4954","display":"HLA-DRB6"},{"code":"HGNC:4955","display":"HLA-DRB7"},{"code":"HGNC:4956","display":"HLA-DRB8"},{"code":"HGNC:4957","display":"HLA-DRB9"},{"code":"HGNC:4962","display":"HLA-E"},{"code":"HGNC:4963","display":"HLA-F"},{"code":"HGNC:4964","display":"HLA-G"},{"code":"HGNC:4965","display":"HLA-H"},{"code":"HGNC:4967","display":"HLA-J"},{"code":"HGNC:4969","display":"HLA-K"},{"code":"HGNC:4970","display":"HLA-L"},{"code":"HGNC:19406","display":"HLA-N"},{"code":"HGNC:21196","display":"HLA-P"},{"code":"HGNC:19395","display":"HLA-S"},{"code":"HGNC:23478","display":"HLA-T"},{"code":"HGNC:23477","display":"HLA-U"},{"code":"HGNC:23482","display":"HLA-V"},{"code":"HGNC:23425","display":"HLA-W"},{"code":"HGNC:19385","display":"HLA-X"},{"code":"HGNC:33913","display":"HLA-Y"},{"code":"HGNC:19394","display":"HLA-Z"}]}]}}