<?xml version="1.0" encoding="UTF-8"?><ImplementationGuide xmlns="http://hl7.org/fhir"><id value="hla-reporting"/><text><status value="generated"/><div xmlns="http://www.w3.org/1999/xhtml"><h2>HLAReportingImplementationGuide</h2><p>The official URL for this implementation guide is: </p><pre>http://fhir.nmdp.org/ig/hla-reporting/ImplementationGuide/hla-reporting</pre><div><p>How to report HLA genotyping using FHIR</p>
</div></div></text><url value="http://fhir.nmdp.org/ig/hla-reporting/ImplementationGuide/hla-reporting"/><version value="0.1.0"/><name value="HLAReportingImplementationGuide"/><title value="HLA Reporting Implementation Guide"/><status value="active"/><date value="2020-04-02T14:45:05-05:00"/><publisher value="NMDP/Be The Match"/><contact><name value="Bob Milius"/><telecom><system value="email"/><value value="bmilius@nmdp.org"/></telecom></contact><description value="How to report HLA genotyping using FHIR"/><packageId value="hla-reporting"/><license value="CC0-1.0"/><fhirVersion value="4.0.1"/><dependsOn><uri value="http://hl7.org/fhir/uv/genomics-reporting/ImplementationGuide/hl7.fhir.uv.genomics-reporting"/><packageId value="hl7.fhir.uv.genomics-reporting"/><version value="1.0.0"/></dependsOn><definition><extension url="http://hl7.org/fhir/tools/StructureDefinition/ig-parameter"><extension url="code"><valueString value="copyrightyear"/></extension><extension url="value"><valueString value="2019+"/></extension></extension><extension url="http://hl7.org/fhir/tools/StructureDefinition/ig-parameter"><extension url="code"><valueString value="releaselabel"/></extension><extension url="value"><valueString value="STU1"/></extension></extension><extension url="http://hl7.org/fhir/tools/StructureDefinition/ig-parameter"><extension url="code"><valueString value="show-inherited-invariants"/></extension><extension url="value"><valueString value="false"/></extension></extension><extension url="http://hl7.org/fhir/tools/StructureDefinition/ig-parameter"><extension url="code"><valueString value="path-liquid"/></extension><extension url="value"><valueString value="template/liquid"/></extension></extension><extension url="http://hl7.org/fhir/tools/StructureDefinition/ig-parameter"><extension url="code"><valueString value="path-liquid"/></extension><extension url="value"><valueString value="input/liquid"/></extension></extension><extension url="http://hl7.org/fhir/tools/StructureDefinition/ig-parameter"><extension url="code"><valueString value="path-qa"/></extension><extension url="value"><valueString value="temp/qa"/></extension></extension><extension url="http://hl7.org/fhir/tools/StructureDefinition/ig-parameter"><extension url="code"><valueString value="path-temp"/></extension><extension url="value"><valueString value="temp/pages"/></extension></extension><extension url="http://hl7.org/fhir/tools/StructureDefinition/ig-parameter"><extension url="code"><valueString value="path-output"/></extension><extension url="value"><valueString value="output"/></extension></extension><extension url="http://hl7.org/fhir/tools/StructureDefinition/ig-parameter"><extension url="code"><valueString value="path-suppressed-warnings"/></extension><extension url="value"><valueString value="input/ignoreWarnings.txt"/></extension></extension><extension url="http://hl7.org/fhir/tools/StructureDefinition/ig-parameter"><extension url="code"><valueString value="path-history"/></extension><extension url="value"><valueString value="http://fhir.nmdp.org/ig/hla-reporting/history.html"/></extension></extension><extension url="http://hl7.org/fhir/tools/StructureDefinition/ig-parameter"><extension url="code"><valueString value="template-html"/></extension><extension url="value"><valueString value="template-page.html"/></extension></extension><extension url="http://hl7.org/fhir/tools/StructureDefinition/ig-parameter"><extension url="code"><valueString value="template-md"/></extension><extension url="value"><valueString value="template-page-md.html"/></extension></extension><extension url="http://hl7.org/fhir/tools/StructureDefinition/ig-parameter"><extension url="code"><valueString value="apply-contact"/></extension><extension url="value"><valueString value="true"/></extension></extension><extension url="http://hl7.org/fhir/tools/StructureDefinition/ig-parameter"><extension url="code"><valueString value="apply-context"/></extension><extension url="value"><valueString value="true"/></extension></extension><extension url="http://hl7.org/fhir/tools/StructureDefinition/ig-parameter"><extension url="code"><valueString value="apply-copyright"/></extension><extension url="value"><valueString value="true"/></extension></extension><extension url="http://hl7.org/fhir/tools/StructureDefinition/ig-parameter"><extension url="code"><valueString value="apply-jurisdiction"/></extension><extension url="value"><valueString value="true"/></extension></extension><extension url="http://hl7.org/fhir/tools/StructureDefinition/ig-parameter"><extension url="code"><valueString value="apply-license"/></extension><extension url="value"><valueString value="true"/></extension></extension><extension url="http://hl7.org/fhir/tools/StructureDefinition/ig-parameter"><extension url="code"><valueString value="apply-publisher"/></extension><extension url="value"><valueString value="true"/></extension></extension><extension url="http://hl7.org/fhir/tools/StructureDefinition/ig-parameter"><extension url="code"><valueString value="apply-version"/></extension><extension url="value"><valueString value="true"/></extension></extension><extension url="http://hl7.org/fhir/tools/StructureDefinition/ig-parameter"><extension url="code"><valueString value="active-tables"/></extension><extension url="value"><valueString value="true"/></extension></extension><grouping id="_str_profile"><name value="Structures: Resource Profiles"/><description value="These define constraints on FHIR resources that need to be complied with by conformant implementations"/></grouping><grouping id="_term_valueset"><name value="Terminology: Value Sets"/><description value="These define sets of codes used by systems conforming with this implementation guide"/></grouping><grouping id="_term_codesystem"><name value="Terminology: Code Systems"/><description value="These define new code systems used by systems conforming with this implementation guide"/></grouping><grouping id="_ex_example"><name value="Example: Example Instances"/><description value="These are example instances that show what data produced and consumed by systems conforming with this implementation guide might look like"/></grouping><resource><extension url="http://hl7.org/fhir/StructureDefinition/implementationguide-page"><valueUri value="StructureDefinition-hla-genotype.html"/></extension><reference><reference value="StructureDefinition/hla-genotype"/></reference><name value="HLA Genotype Observation"/><description value="HLA Genotype profile of genotype observation"/><exampleBoolean value="false"/><groupingId value="_str_profile"/></resource><resource><extension url="http://hl7.org/fhir/StructureDefinition/implementationguide-page"><valueUri value="StructureDefinition-hla-molecularsequence.html"/></extension><reference><reference value="StructureDefinition/hla-molecularsequence"/></reference><name value="HLA Molecular Sequence"/><description value="HLA profile of MolecularSequence resource"/><exampleBoolean value="false"/><groupingId value="_str_profile"/></resource><resource><extension url="http://hl7.org/fhir/StructureDefinition/implementationguide-page"><valueUri value="StructureDefinition-hla-summary-report.html"/></extension><reference><reference value="StructureDefinition/hla-summary-report"/></reference><name value="HLA Summary Report"/><description value="HLA Summary Report profile of genomics report"/><exampleBoolean value="false"/><groupingId value="_str_profile"/></resource><resource><extension url="http://hl7.org/fhir/StructureDefinition/implementationguide-page"><valueUri value="StructureDefinition-hla-allele.html"/></extension><reference><reference value="StructureDefinition/hla-allele"/></reference><name value="HLA Allele Observation"/><description value="HLA Allele profile of haplotype observation"/><exampleBoolean value="false"/><groupingId value="_str_profile"/></resource><resource><extension url="http://hl7.org/fhir/StructureDefinition/implementationguide-page"><valueUri value="ValueSet-hla-geneid-valueset.html"/></extension><reference><reference value="ValueSet/hla-geneid-valueset"/></reference><name value="HLA Gene Name Value Set"/><description value="HLA HGNC GeneIds Valueset"/><exampleBoolean value="false"/><groupingId value="_term_valueset"/></resource><resource><extension url="http://hl7.org/fhir/StructureDefinition/implementationguide-page"><valueUri value="CodeSystem-glstring-codesystem.html"/></extension><reference><reference value="CodeSystem/glstring-codesystem"/></reference><name value="Genotype List String Code CodeSystem"/><description value="Genotype List String Codesystem used for HLA reporting"/><exampleBoolean value="false"/><groupingId value="_term_codesystem"/></resource><resource><extension url="http://hl7.org/fhir/StructureDefinition/implementationguide-page"><valueUri value="CodeSystem-hla-genename-codesystem.html"/></extension><reference><reference value="CodeSystem/hla-genename-codesystem"/></reference><name value="HLA HGNC GeneID CodeSystem"/><description value="CodeSystem of HLA gene group subset of HGNC GeneId Codesystem"/><exampleBoolean value="false"/><groupingId value="_term_codesystem"/></resource><resource><extension url="http://hl7.org/fhir/StructureDefinition/implementationguide-page"><valueUri value="Observation-HLA-A-GenotypeExample1.html"/></extension><reference><reference value="Observation/HLA-A-GenotypeExample1"/></reference><name value="HLA-A Genotype Example 1"/><description value="Example of HLA-A genotyping using IMGT/HLA 3.25 nomenclature"/><exampleCanonical value="http://fhir.nmdp.org/ig/hla-reporting/StructureDefinition/hla-genotype"/><groupingId value="_ex_example"/></resource><page><nameUrl value="toc.html"/><title value="Table of Contents"/><generation value="html"/><page><nameUrl value="index.html"/><title value="Home"/><generation value="html"/></page><page><nameUrl value="background.html"/><title value="Background"/><generation value="markdown"/></page><page><nameUrl value="downloads.html"/><title value="Downloads"/><generation value="markdown"/></page><page><nameUrl value="spec.html"/><title value="Spec"/><generation value="markdown"/></page><page><nameUrl value="artifacts.html"/><title value="Artifacts Summary"/><generation value="html"/><page><nameUrl value="StructureDefinition-hla-genotype.html"/><title value="HLA Genotype Observation"/><generation value="generated"/></page><page><nameUrl value="StructureDefinition-hla-molecularsequence.html"/><title value="HLA Molecular Sequence"/><generation value="generated"/></page><page><nameUrl value="StructureDefinition-hla-summary-report.html"/><title value="HLA Summary Report"/><generation value="generated"/></page><page><nameUrl value="StructureDefinition-hla-allele.html"/><title value="HLA Allele Observation"/><generation value="generated"/></page><page><nameUrl value="ValueSet-hla-geneid-valueset.html"/><title value="HLA Gene Name Value Set"/><generation value="generated"/></page><page><nameUrl value="CodeSystem-glstring-codesystem.html"/><title value="Genotype List String Code CodeSystem"/><generation value="generated"/></page><page><nameUrl value="CodeSystem-hla-genename-codesystem.html"/><title value="HLA HGNC GeneID CodeSystem"/><generation value="generated"/></page><page><nameUrl value="Observation-HLA-A-GenotypeExample1.html"/><title value="HLA-A Genotype Example 1"/><generation value="generated"/></page></page></page><parameter><code value="path-resource"/><value value="input/capabilities"/></parameter><parameter><code value="path-resource"/><value value="input/examples"/></parameter><parameter><code value="path-resource"/><value value="input/extensions"/></parameter><parameter><code value="path-resource"/><value value="input/models"/></parameter><parameter><code value="path-resource"/><value value="input/operations"/></parameter><parameter><code value="path-resource"/><value value="input/profiles"/></parameter><parameter><code value="path-resource"/><value value="input/resources"/></parameter><parameter><code value="path-resource"/><value value="input/vocabulary"/></parameter><parameter><code value="path-resource"/><value value="input/maps"/></parameter><parameter><code value="path-pages"/><value value="template/config"/></parameter><parameter><code value="path-pages"/><value value="input/images"/></parameter><parameter><code value="path-tx-cache"/><value value="input-cache/txcache"/></parameter></definition></ImplementationGuide>