{
  "resourceType": "ImplementationGuide",
  "id": "hla-reporting",
  "text": {
    "status": "generated",
    "div": "<div xmlns=\"http://www.w3.org/1999/xhtml\"><h2>HLAReportingImplementationGuide</h2><p>The official URL for this implementation guide is: </p><pre>http://fhir.nmdp.org/ig/hla-reporting/ImplementationGuide/hla-reporting</pre><div><p>How to report HLA genotyping using FHIR</p>\n</div></div>"
  },
  "url": "http://fhir.nmdp.org/ig/hla-reporting/ImplementationGuide/hla-reporting",
  "version": "0.0.1",
  "name": "HLAReportingImplementationGuide",
  "title": "HLA Reporting Implementation Guide",
  "status": "active",
  "date": "2020-06-08T12:05:38-05:00",
  "publisher": "NMDP/Be The Match",
  "contact": [
    {
      "name": "Bob Milius",
      "telecom": [
        {
          "system": "email",
          "value": "mailto:bmilius@nmdp.org"
        }
      ]
    }
  ],
  "description": "How to report HLA genotyping using FHIR",
  "packageId": "hla-reporting",
  "license": "Apache-2.0",
  "fhirVersion": [
    "4.0.1"
  ],
  "dependsOn": [
    {
      "uri": "http://hl7.org/fhir/uv/genomics-reporting/ImplementationGuide/hl7.fhir.uv.genomics-reporting",
      "packageId": "hl7.fhir.uv.genomics-reporting",
      "version": "1.0.0"
    }
  ],
  "definition": {
    "extension": [
      {
        "extension": [
          {
            "url": "code",
            "valueString": "copyrightyear"
          },
          {
            "url": "value",
            "valueString": "2019+"
          }
        ],
        "url": "http://hl7.org/fhir/tools/StructureDefinition/ig-parameter"
      },
      {
        "extension": [
          {
            "url": "code",
            "valueString": "releaselabel"
          },
          {
            "url": "value",
            "valueString": "Draft"
          }
        ],
        "url": "http://hl7.org/fhir/tools/StructureDefinition/ig-parameter"
      },
      {
        "extension": [
          {
            "url": "code",
            "valueString": "show-inherited-invariants"
          },
          {
            "url": "value",
            "valueString": "false"
          }
        ],
        "url": "http://hl7.org/fhir/tools/StructureDefinition/ig-parameter"
      },
      {
        "extension": [
          {
            "url": "code",
            "valueString": "path-liquid"
          },
          {
            "url": "value",
            "valueString": "template/liquid"
          }
        ],
        "url": "http://hl7.org/fhir/tools/StructureDefinition/ig-parameter"
      },
      {
        "extension": [
          {
            "url": "code",
            "valueString": "path-liquid"
          },
          {
            "url": "value",
            "valueString": "input/liquid"
          }
        ],
        "url": "http://hl7.org/fhir/tools/StructureDefinition/ig-parameter"
      },
      {
        "extension": [
          {
            "url": "code",
            "valueString": "path-qa"
          },
          {
            "url": "value",
            "valueString": "temp/qa"
          }
        ],
        "url": "http://hl7.org/fhir/tools/StructureDefinition/ig-parameter"
      },
      {
        "extension": [
          {
            "url": "code",
            "valueString": "path-temp"
          },
          {
            "url": "value",
            "valueString": "temp/pages"
          }
        ],
        "url": "http://hl7.org/fhir/tools/StructureDefinition/ig-parameter"
      },
      {
        "extension": [
          {
            "url": "code",
            "valueString": "path-output"
          },
          {
            "url": "value",
            "valueString": "output"
          }
        ],
        "url": "http://hl7.org/fhir/tools/StructureDefinition/ig-parameter"
      },
      {
        "extension": [
          {
            "url": "code",
            "valueString": "path-suppressed-warnings"
          },
          {
            "url": "value",
            "valueString": "input/ignoreWarnings.txt"
          }
        ],
        "url": "http://hl7.org/fhir/tools/StructureDefinition/ig-parameter"
      },
      {
        "extension": [
          {
            "url": "code",
            "valueString": "path-history"
          },
          {
            "url": "value",
            "valueString": "http://fhir.nmdp.org/ig/hla-reporting/history.html"
          }
        ],
        "url": "http://hl7.org/fhir/tools/StructureDefinition/ig-parameter"
      },
      {
        "extension": [
          {
            "url": "code",
            "valueString": "template-html"
          },
          {
            "url": "value",
            "valueString": "template-page.html"
          }
        ],
        "url": "http://hl7.org/fhir/tools/StructureDefinition/ig-parameter"
      },
      {
        "extension": [
          {
            "url": "code",
            "valueString": "template-md"
          },
          {
            "url": "value",
            "valueString": "template-page-md.html"
          }
        ],
        "url": "http://hl7.org/fhir/tools/StructureDefinition/ig-parameter"
      },
      {
        "extension": [
          {
            "url": "code",
            "valueString": "apply-contact"
          },
          {
            "url": "value",
            "valueString": "true"
          }
        ],
        "url": "http://hl7.org/fhir/tools/StructureDefinition/ig-parameter"
      },
      {
        "extension": [
          {
            "url": "code",
            "valueString": "apply-context"
          },
          {
            "url": "value",
            "valueString": "true"
          }
        ],
        "url": "http://hl7.org/fhir/tools/StructureDefinition/ig-parameter"
      },
      {
        "extension": [
          {
            "url": "code",
            "valueString": "apply-copyright"
          },
          {
            "url": "value",
            "valueString": "true"
          }
        ],
        "url": "http://hl7.org/fhir/tools/StructureDefinition/ig-parameter"
      },
      {
        "extension": [
          {
            "url": "code",
            "valueString": "apply-jurisdiction"
          },
          {
            "url": "value",
            "valueString": "true"
          }
        ],
        "url": "http://hl7.org/fhir/tools/StructureDefinition/ig-parameter"
      },
      {
        "extension": [
          {
            "url": "code",
            "valueString": "apply-license"
          },
          {
            "url": "value",
            "valueString": "true"
          }
        ],
        "url": "http://hl7.org/fhir/tools/StructureDefinition/ig-parameter"
      },
      {
        "extension": [
          {
            "url": "code",
            "valueString": "apply-publisher"
          },
          {
            "url": "value",
            "valueString": "true"
          }
        ],
        "url": "http://hl7.org/fhir/tools/StructureDefinition/ig-parameter"
      },
      {
        "extension": [
          {
            "url": "code",
            "valueString": "apply-version"
          },
          {
            "url": "value",
            "valueString": "true"
          }
        ],
        "url": "http://hl7.org/fhir/tools/StructureDefinition/ig-parameter"
      },
      {
        "extension": [
          {
            "url": "code",
            "valueString": "active-tables"
          },
          {
            "url": "value",
            "valueString": "true"
          }
        ],
        "url": "http://hl7.org/fhir/tools/StructureDefinition/ig-parameter"
      }
    ],
    "resource": [
      {
        "extension": [
          {
            "url": "http://hl7.org/fhir/tools/StructureDefinition/resource-information",
            "valueString": "StructureDefinition:resource"
          },
          {
            "url": "http://hl7.org/fhir/StructureDefinition/implementationguide-page",
            "valueUri": "StructureDefinition-hla-genotype.html"
          }
        ],
        "reference": {
          "reference": "StructureDefinition/hla-genotype"
        },
        "name": "HLA Genotype Observation",
        "description": "HLA Genotype profile of genotype observation",
        "exampleBoolean": false
      },
      {
        "extension": [
          {
            "url": "http://hl7.org/fhir/tools/StructureDefinition/resource-information",
            "valueString": "StructureDefinition:resource"
          },
          {
            "url": "http://hl7.org/fhir/StructureDefinition/implementationguide-page",
            "valueUri": "StructureDefinition-hla-molecularsequence.html"
          }
        ],
        "reference": {
          "reference": "StructureDefinition/hla-molecularsequence"
        },
        "name": "HLA Molecular Sequence",
        "description": "HLA profile of MolecularSequence resource",
        "exampleBoolean": false
      },
      {
        "extension": [
          {
            "url": "http://hl7.org/fhir/tools/StructureDefinition/resource-information",
            "valueString": "StructureDefinition:resource"
          },
          {
            "url": "http://hl7.org/fhir/StructureDefinition/implementationguide-page",
            "valueUri": "StructureDefinition-hla-summary-report.html"
          }
        ],
        "reference": {
          "reference": "StructureDefinition/hla-summary-report"
        },
        "name": "HLA Summary Report",
        "description": "HLA Summary Report profile of genomics report",
        "exampleBoolean": false
      },
      {
        "extension": [
          {
            "url": "http://hl7.org/fhir/tools/StructureDefinition/resource-information",
            "valueString": "StructureDefinition:resource"
          },
          {
            "url": "http://hl7.org/fhir/StructureDefinition/implementationguide-page",
            "valueUri": "StructureDefinition-hla-allele.html"
          }
        ],
        "reference": {
          "reference": "StructureDefinition/hla-allele"
        },
        "name": "HLA Allele Observation",
        "description": "HLA Allele profile of haplotype observation",
        "exampleBoolean": false
      },
      {
        "extension": [
          {
            "url": "http://hl7.org/fhir/tools/StructureDefinition/resource-information",
            "valueString": "StructureDefinition:extension"
          },
          {
            "url": "http://hl7.org/fhir/StructureDefinition/implementationguide-page",
            "valueUri": "StructureDefinition-hla-genotype-summary.html"
          }
        ],
        "reference": {
          "reference": "StructureDefinition/hla-genotype-summary"
        },
        "name": "HLA Genotype Summary",
        "description": "Summary genotype of HLA in GL String Code",
        "exampleBoolean": false
      },
      {
        "extension": [
          {
            "url": "http://hl7.org/fhir/tools/StructureDefinition/resource-information",
            "valueString": "ValueSet"
          },
          {
            "url": "http://hl7.org/fhir/StructureDefinition/implementationguide-page",
            "valueUri": "ValueSet-hla-geneid-valueset.html"
          }
        ],
        "reference": {
          "reference": "ValueSet/hla-geneid-valueset"
        },
        "name": "HLA Gene Name Value Set",
        "description": "HLA HGNC GeneIds Valueset",
        "exampleBoolean": false
      },
      {
        "extension": [
          {
            "url": "http://hl7.org/fhir/tools/StructureDefinition/resource-information",
            "valueString": "CodeSystem"
          },
          {
            "url": "http://hl7.org/fhir/StructureDefinition/implementationguide-page",
            "valueUri": "CodeSystem-glstring-codesystem.html"
          }
        ],
        "reference": {
          "reference": "CodeSystem/glstring-codesystem"
        },
        "name": "Genotype List String Code CodeSystem",
        "description": "Genotype List String Codesystem used for HLA reporting",
        "exampleBoolean": false
      },
      {
        "extension": [
          {
            "url": "http://hl7.org/fhir/tools/StructureDefinition/resource-information",
            "valueString": "CodeSystem"
          },
          {
            "url": "http://hl7.org/fhir/StructureDefinition/implementationguide-page",
            "valueUri": "CodeSystem-hla-genename-codesystem.html"
          }
        ],
        "reference": {
          "reference": "CodeSystem/hla-genename-codesystem"
        },
        "name": "HLA HGNC GeneID CodeSystem",
        "description": "CodeSystem of HLA gene group subset of HGNC GeneId Codesystem",
        "exampleBoolean": false
      },
      {
        "extension": [
          {
            "url": "http://hl7.org/fhir/tools/StructureDefinition/resource-information",
            "valueString": "Observation"
          },
          {
            "url": "http://hl7.org/fhir/StructureDefinition/implementationguide-page",
            "valueUri": "Observation-HLA-A-AlleleExample1.html"
          }
        ],
        "reference": {
          "reference": "Observation/HLA-A-AlleleExample1"
        },
        "name": "HLA-A*01:01:01:01 Allele Example",
        "description": "Example of HLA-A allele HLA-A*01:01:01:01 using IMGT/HLA 3.25 nomenclature",
        "exampleCanonical": "http://fhir.nmdp.org/ig/hla-reporting/StructureDefinition/hla-allele"
      },
      {
        "extension": [
          {
            "url": "http://hl7.org/fhir/tools/StructureDefinition/resource-information",
            "valueString": "Observation"
          },
          {
            "url": "http://hl7.org/fhir/StructureDefinition/implementationguide-page",
            "valueUri": "Observation-HLA-A-AlleleExample2.html"
          }
        ],
        "reference": {
          "reference": "Observation/HLA-A-AlleleExample2"
        },
        "name": "HLA-A*01:02 Allele Example",
        "description": "Example of HLA-A allele HLA-A*01:02 using IMGT/HLA 3.25 nomenclature",
        "exampleCanonical": "http://fhir.nmdp.org/ig/hla-reporting/StructureDefinition/hla-allele"
      },
      {
        "extension": [
          {
            "url": "http://hl7.org/fhir/tools/StructureDefinition/resource-information",
            "valueString": "Observation"
          },
          {
            "url": "http://hl7.org/fhir/StructureDefinition/implementationguide-page",
            "valueUri": "Observation-HLA-A-GenotypeExample.html"
          }
        ],
        "reference": {
          "reference": "Observation/HLA-A-GenotypeExample"
        },
        "name": "HLA-A Genotype Example (HLA-A*01:01:01:01+HLA-A*01:02)",
        "description": "Example of HLA-A genotyping using IMGT/HLA 3.25 nomenclature",
        "exampleCanonical": "http://fhir.nmdp.org/ig/hla-reporting/StructureDefinition/hla-genotype"
      },
      {
        "extension": [
          {
            "url": "http://hl7.org/fhir/tools/StructureDefinition/resource-information",
            "valueString": "MolecularSequence"
          },
          {
            "url": "http://hl7.org/fhir/StructureDefinition/implementationguide-page",
            "valueUri": "MolecularSequence-HLA-A-SequenceExample1.html"
          }
        ],
        "reference": {
          "reference": "MolecularSequence/HLA-A-SequenceExample1"
        },
        "name": "HLA-A*01:01:01:01 Sequence Example 1",
        "description": "Example of HLA-A*01:01:01:01 sequence",
        "exampleCanonical": "http://fhir.nmdp.org/ig/hla-reporting/StructureDefinition/hla-molecularsequence"
      },
      {
        "extension": [
          {
            "url": "http://hl7.org/fhir/tools/StructureDefinition/resource-information",
            "valueString": "MolecularSequence"
          },
          {
            "url": "http://hl7.org/fhir/StructureDefinition/implementationguide-page",
            "valueUri": "MolecularSequence-HLA-A-SequenceExample2.html"
          }
        ],
        "reference": {
          "reference": "MolecularSequence/HLA-A-SequenceExample2"
        },
        "name": "HLA-A*01:02 Sequence Example",
        "description": "Example of HLA-A*01:02 sequence",
        "exampleCanonical": "http://fhir.nmdp.org/ig/hla-reporting/StructureDefinition/hla-molecularsequence"
      },
      {
        "extension": [
          {
            "url": "http://hl7.org/fhir/tools/StructureDefinition/resource-information",
            "valueString": "DiagnosticReport"
          },
          {
            "url": "http://hl7.org/fhir/StructureDefinition/implementationguide-page",
            "valueUri": "DiagnosticReport-HLA-AB-SummaryReportExample.html"
          }
        ],
        "reference": {
          "reference": "DiagnosticReport/HLA-AB-SummaryReportExample"
        },
        "name": "HLA-A, HLA-B Summary Report Example",
        "description": "Example of HLA summary report",
        "exampleCanonical": "http://fhir.nmdp.org/ig/hla-reporting/StructureDefinition/hla-summary-report"
      },
      {
        "extension": [
          {
            "url": "http://hl7.org/fhir/tools/StructureDefinition/resource-information",
            "valueString": "Observation"
          },
          {
            "url": "http://hl7.org/fhir/StructureDefinition/implementationguide-page",
            "valueUri": "Observation-HLA-B-AlleleExample1.html"
          }
        ],
        "reference": {
          "reference": "Observation/HLA-B-AlleleExample1"
        },
        "name": "HLA-B*57:01:01:01 Allele Example",
        "description": "Example of HLA-B*57:01:01:01 allele using IMGT/HLA 3.25 nomenclature",
        "exampleCanonical": "http://fhir.nmdp.org/ig/hla-reporting/StructureDefinition/hla-allele"
      },
      {
        "extension": [
          {
            "url": "http://hl7.org/fhir/tools/StructureDefinition/resource-information",
            "valueString": "Observation"
          },
          {
            "url": "http://hl7.org/fhir/StructureDefinition/implementationguide-page",
            "valueUri": "Observation-HLA-B-AlleleExample2.html"
          }
        ],
        "reference": {
          "reference": "Observation/HLA-B-AlleleExample2"
        },
        "name": "HLA-B*15:01:01:01 Allele Example",
        "description": "Example of HLA-B*15:01:01:01 allele using IMGT/HLA 3.25 nomenclature",
        "exampleCanonical": "http://fhir.nmdp.org/ig/hla-reporting/StructureDefinition/hla-allele"
      },
      {
        "extension": [
          {
            "url": "http://hl7.org/fhir/tools/StructureDefinition/resource-information",
            "valueString": "Observation"
          },
          {
            "url": "http://hl7.org/fhir/StructureDefinition/implementationguide-page",
            "valueUri": "Observation-HLA-B-GenotypeExample.html"
          }
        ],
        "reference": {
          "reference": "Observation/HLA-B-GenotypeExample"
        },
        "name": "HLA-B Genotype Example (HLA-B*57:01:01:01+HLA-B*15:01:01:01)",
        "description": "Example of HLA-B genotyping using IMGT/HLA 3.25 nomenclature",
        "exampleCanonical": "http://fhir.nmdp.org/ig/hla-reporting/StructureDefinition/hla-genotype"
      },
      {
        "extension": [
          {
            "url": "http://hl7.org/fhir/tools/StructureDefinition/resource-information",
            "valueString": "MolecularSequence"
          },
          {
            "url": "http://hl7.org/fhir/StructureDefinition/implementationguide-page",
            "valueUri": "MolecularSequence-HLA-B-SequenceExample1.html"
          }
        ],
        "reference": {
          "reference": "MolecularSequence/HLA-B-SequenceExample1"
        },
        "name": "HLA-B*57:01:01:01 Sequence Example 1",
        "description": "Example of HLA-B*57:01:01:01 sequence",
        "exampleCanonical": "http://fhir.nmdp.org/ig/hla-reporting/StructureDefinition/hla-molecularsequence"
      },
      {
        "extension": [
          {
            "url": "http://hl7.org/fhir/tools/StructureDefinition/resource-information",
            "valueString": "MolecularSequence"
          },
          {
            "url": "http://hl7.org/fhir/StructureDefinition/implementationguide-page",
            "valueUri": "MolecularSequence-HLA-B-SequenceExample2.html"
          }
        ],
        "reference": {
          "reference": "MolecularSequence/HLA-B-SequenceExample2"
        },
        "name": "HLA-B*15:01:01:01 Sequence Example 2",
        "description": "Example of HLA-B*15:01:01:01 sequence",
        "exampleCanonical": "http://fhir.nmdp.org/ig/hla-reporting/StructureDefinition/hla-molecularsequence"
      }
    ],
    "page": {
      "nameUrl": "toc.html",
      "title": "Table of Contents",
      "generation": "html",
      "page": [
        {
          "nameUrl": "index.html",
          "title": "Home",
          "generation": "html"
        },
        {
          "nameUrl": "background.html",
          "title": "Background",
          "generation": "html"
        }
      ]
    },
    "parameter": [
      {
        "code": "path-resource",
        "value": "input/capabilities"
      },
      {
        "code": "path-resource",
        "value": "input/examples"
      },
      {
        "code": "path-resource",
        "value": "input/extensions"
      },
      {
        "code": "path-resource",
        "value": "input/models"
      },
      {
        "code": "path-resource",
        "value": "input/operations"
      },
      {
        "code": "path-resource",
        "value": "input/profiles"
      },
      {
        "code": "path-resource",
        "value": "input/resources"
      },
      {
        "code": "path-resource",
        "value": "input/vocabulary"
      },
      {
        "code": "path-resource",
        "value": "input/maps"
      },
      {
        "code": "path-resource",
        "value": "input/testing"
      },
      {
        "code": "path-pages",
        "value": "template/config"
      },
      {
        "code": "path-pages",
        "value": "input/images"
      },
      {
        "code": "path-tx-cache",
        "value": "input-cache/txcache"
      }
    ]
  }
}