{
  "resourceType": "ImplementationGuide",
  "id": "hla-reporting",
  "text": {
    "status": "generated",
    "div": "<div xmlns=\"http://www.w3.org/1999/xhtml\"><h2>HLAReportingImplementationGuide</h2><p>The official URL for this implementation guide is: </p><pre>http://fhir.nmdp.org/ig/hla-reporting/ImplementationGuide/hla-reporting</pre><div><p>How to report HLA genotyping using FHIR</p>\n</div></div>"
  },
  "url": "http://fhir.nmdp.org/ig/hla-reporting/ImplementationGuide/hla-reporting",
  "version": "0.1.0",
  "name": "HLAReportingImplementationGuide",
  "title": "HLA Reporting Implementation Guide",
  "status": "active",
  "date": "2020-04-02T14:45:05-05:00",
  "publisher": "NMDP/Be The Match",
  "contact": [
    {
      "name": "Bob Milius",
      "telecom": [
        {
          "system": "email",
          "value": "bmilius@nmdp.org"
        }
      ]
    }
  ],
  "description": "How to report HLA genotyping using FHIR",
  "packageId": "hla-reporting",
  "license": "CC0-1.0",
  "fhirVersion": [
    "4.0.1"
  ],
  "dependsOn": [
    {
      "uri": "http://hl7.org/fhir/uv/genomics-reporting/ImplementationGuide/hl7.fhir.uv.genomics-reporting",
      "packageId": "hl7.fhir.uv.genomics-reporting",
      "version": "1.0.0"
    }
  ],
  "definition": {
    "extension": [
      {
        "extension": [
          {
            "url": "code",
            "valueString": "copyrightyear"
          },
          {
            "url": "value",
            "valueString": "2019+"
          }
        ],
        "url": "http://hl7.org/fhir/tools/StructureDefinition/ig-parameter"
      },
      {
        "extension": [
          {
            "url": "code",
            "valueString": "releaselabel"
          },
          {
            "url": "value",
            "valueString": "STU1"
          }
        ],
        "url": "http://hl7.org/fhir/tools/StructureDefinition/ig-parameter"
      },
      {
        "extension": [
          {
            "url": "code",
            "valueString": "show-inherited-invariants"
          },
          {
            "url": "value",
            "valueString": "false"
          }
        ],
        "url": "http://hl7.org/fhir/tools/StructureDefinition/ig-parameter"
      },
      {
        "extension": [
          {
            "url": "code",
            "valueString": "path-liquid"
          },
          {
            "url": "value",
            "valueString": "template/liquid"
          }
        ],
        "url": "http://hl7.org/fhir/tools/StructureDefinition/ig-parameter"
      },
      {
        "extension": [
          {
            "url": "code",
            "valueString": "path-liquid"
          },
          {
            "url": "value",
            "valueString": "input/liquid"
          }
        ],
        "url": "http://hl7.org/fhir/tools/StructureDefinition/ig-parameter"
      },
      {
        "extension": [
          {
            "url": "code",
            "valueString": "path-qa"
          },
          {
            "url": "value",
            "valueString": "temp/qa"
          }
        ],
        "url": "http://hl7.org/fhir/tools/StructureDefinition/ig-parameter"
      },
      {
        "extension": [
          {
            "url": "code",
            "valueString": "path-temp"
          },
          {
            "url": "value",
            "valueString": "temp/pages"
          }
        ],
        "url": "http://hl7.org/fhir/tools/StructureDefinition/ig-parameter"
      },
      {
        "extension": [
          {
            "url": "code",
            "valueString": "path-output"
          },
          {
            "url": "value",
            "valueString": "output"
          }
        ],
        "url": "http://hl7.org/fhir/tools/StructureDefinition/ig-parameter"
      },
      {
        "extension": [
          {
            "url": "code",
            "valueString": "path-suppressed-warnings"
          },
          {
            "url": "value",
            "valueString": "input/ignoreWarnings.txt"
          }
        ],
        "url": "http://hl7.org/fhir/tools/StructureDefinition/ig-parameter"
      },
      {
        "extension": [
          {
            "url": "code",
            "valueString": "path-history"
          },
          {
            "url": "value",
            "valueString": "http://fhir.nmdp.org/ig/hla-reporting/history.html"
          }
        ],
        "url": "http://hl7.org/fhir/tools/StructureDefinition/ig-parameter"
      },
      {
        "extension": [
          {
            "url": "code",
            "valueString": "template-html"
          },
          {
            "url": "value",
            "valueString": "template-page.html"
          }
        ],
        "url": "http://hl7.org/fhir/tools/StructureDefinition/ig-parameter"
      },
      {
        "extension": [
          {
            "url": "code",
            "valueString": "template-md"
          },
          {
            "url": "value",
            "valueString": "template-page-md.html"
          }
        ],
        "url": "http://hl7.org/fhir/tools/StructureDefinition/ig-parameter"
      },
      {
        "extension": [
          {
            "url": "code",
            "valueString": "apply-contact"
          },
          {
            "url": "value",
            "valueString": "true"
          }
        ],
        "url": "http://hl7.org/fhir/tools/StructureDefinition/ig-parameter"
      },
      {
        "extension": [
          {
            "url": "code",
            "valueString": "apply-context"
          },
          {
            "url": "value",
            "valueString": "true"
          }
        ],
        "url": "http://hl7.org/fhir/tools/StructureDefinition/ig-parameter"
      },
      {
        "extension": [
          {
            "url": "code",
            "valueString": "apply-copyright"
          },
          {
            "url": "value",
            "valueString": "true"
          }
        ],
        "url": "http://hl7.org/fhir/tools/StructureDefinition/ig-parameter"
      },
      {
        "extension": [
          {
            "url": "code",
            "valueString": "apply-jurisdiction"
          },
          {
            "url": "value",
            "valueString": "true"
          }
        ],
        "url": "http://hl7.org/fhir/tools/StructureDefinition/ig-parameter"
      },
      {
        "extension": [
          {
            "url": "code",
            "valueString": "apply-license"
          },
          {
            "url": "value",
            "valueString": "true"
          }
        ],
        "url": "http://hl7.org/fhir/tools/StructureDefinition/ig-parameter"
      },
      {
        "extension": [
          {
            "url": "code",
            "valueString": "apply-publisher"
          },
          {
            "url": "value",
            "valueString": "true"
          }
        ],
        "url": "http://hl7.org/fhir/tools/StructureDefinition/ig-parameter"
      },
      {
        "extension": [
          {
            "url": "code",
            "valueString": "apply-version"
          },
          {
            "url": "value",
            "valueString": "true"
          }
        ],
        "url": "http://hl7.org/fhir/tools/StructureDefinition/ig-parameter"
      },
      {
        "extension": [
          {
            "url": "code",
            "valueString": "active-tables"
          },
          {
            "url": "value",
            "valueString": "true"
          }
        ],
        "url": "http://hl7.org/fhir/tools/StructureDefinition/ig-parameter"
      }
    ],
    "resource": [
      {
        "extension": [
          {
            "url": "http://hl7.org/fhir/tools/StructureDefinition/resource-information",
            "valueString": "StructureDefinition:resource"
          },
          {
            "url": "http://hl7.org/fhir/StructureDefinition/implementationguide-page",
            "valueUri": "StructureDefinition-hla-genotype.html"
          }
        ],
        "reference": {
          "reference": "StructureDefinition/hla-genotype"
        },
        "name": "HLA Genotype Observation",
        "description": "HLA Genotype profile of genotype observation",
        "exampleBoolean": false
      },
      {
        "extension": [
          {
            "url": "http://hl7.org/fhir/tools/StructureDefinition/resource-information",
            "valueString": "StructureDefinition:resource"
          },
          {
            "url": "http://hl7.org/fhir/StructureDefinition/implementationguide-page",
            "valueUri": "StructureDefinition-hla-molecularsequence.html"
          }
        ],
        "reference": {
          "reference": "StructureDefinition/hla-molecularsequence"
        },
        "name": "HLA Molecular Sequence",
        "description": "HLA profile of MolecularSequence resource",
        "exampleBoolean": false
      },
      {
        "extension": [
          {
            "url": "http://hl7.org/fhir/tools/StructureDefinition/resource-information",
            "valueString": "StructureDefinition:resource"
          },
          {
            "url": "http://hl7.org/fhir/StructureDefinition/implementationguide-page",
            "valueUri": "StructureDefinition-hla-summary-report.html"
          }
        ],
        "reference": {
          "reference": "StructureDefinition/hla-summary-report"
        },
        "name": "HLA Summary Report",
        "description": "HLA Summary Report profile of genomics report",
        "exampleBoolean": false
      },
      {
        "extension": [
          {
            "url": "http://hl7.org/fhir/tools/StructureDefinition/resource-information",
            "valueString": "StructureDefinition:resource"
          },
          {
            "url": "http://hl7.org/fhir/StructureDefinition/implementationguide-page",
            "valueUri": "StructureDefinition-hla-allele.html"
          }
        ],
        "reference": {
          "reference": "StructureDefinition/hla-allele"
        },
        "name": "HLA Allele Observation",
        "description": "HLA Allele profile of haplotype observation",
        "exampleBoolean": false
      },
      {
        "extension": [
          {
            "url": "http://hl7.org/fhir/tools/StructureDefinition/resource-information",
            "valueString": "ValueSet"
          },
          {
            "url": "http://hl7.org/fhir/StructureDefinition/implementationguide-page",
            "valueUri": "ValueSet-hla-geneid-valueset.html"
          }
        ],
        "reference": {
          "reference": "ValueSet/hla-geneid-valueset"
        },
        "name": "HLA Gene Name Value Set",
        "description": "HLA HGNC GeneIds Valueset",
        "exampleBoolean": false
      },
      {
        "extension": [
          {
            "url": "http://hl7.org/fhir/tools/StructureDefinition/resource-information",
            "valueString": "CodeSystem"
          },
          {
            "url": "http://hl7.org/fhir/StructureDefinition/implementationguide-page",
            "valueUri": "CodeSystem-glstring-codesystem.html"
          }
        ],
        "reference": {
          "reference": "CodeSystem/glstring-codesystem"
        },
        "name": "Genotype List String Code CodeSystem",
        "description": "Genotype List String Codesystem used for HLA reporting",
        "exampleBoolean": false
      },
      {
        "extension": [
          {
            "url": "http://hl7.org/fhir/tools/StructureDefinition/resource-information",
            "valueString": "CodeSystem"
          },
          {
            "url": "http://hl7.org/fhir/StructureDefinition/implementationguide-page",
            "valueUri": "CodeSystem-hla-genename-codesystem.html"
          }
        ],
        "reference": {
          "reference": "CodeSystem/hla-genename-codesystem"
        },
        "name": "HLA HGNC GeneID CodeSystem",
        "description": "CodeSystem of HLA gene group subset of HGNC GeneId Codesystem",
        "exampleBoolean": false
      },
      {
        "extension": [
          {
            "url": "http://hl7.org/fhir/tools/StructureDefinition/resource-information",
            "valueString": "Observation"
          },
          {
            "url": "http://hl7.org/fhir/StructureDefinition/implementationguide-page",
            "valueUri": "Observation-HLA-A-GenotypeExample1.html"
          }
        ],
        "reference": {
          "reference": "Observation/HLA-A-GenotypeExample1"
        },
        "name": "HLA-A Genotype Example 1",
        "description": "Example of HLA-A genotyping using IMGT/HLA 3.25 nomenclature",
        "exampleCanonical": "http://fhir.nmdp.org/ig/hla-reporting/StructureDefinition/hla-genotype"
      }
    ],
    "page": {
      "nameUrl": "toc.html",
      "title": "Table of Contents",
      "generation": "html",
      "page": [
        {
          "nameUrl": "index.html",
          "title": "Home",
          "generation": "html"
        },
        {
          "nameUrl": "background.html",
          "title": "Background",
          "generation": "markdown"
        },
        {
          "nameUrl": "downloads.html",
          "title": "Downloads",
          "generation": "markdown"
        },
        {
          "nameUrl": "spec.html",
          "title": "Spec",
          "generation": "markdown"
        }
      ]
    },
    "parameter": [
      {
        "code": "path-resource",
        "value": "input/capabilities"
      },
      {
        "code": "path-resource",
        "value": "input/examples"
      },
      {
        "code": "path-resource",
        "value": "input/extensions"
      },
      {
        "code": "path-resource",
        "value": "input/models"
      },
      {
        "code": "path-resource",
        "value": "input/operations"
      },
      {
        "code": "path-resource",
        "value": "input/profiles"
      },
      {
        "code": "path-resource",
        "value": "input/resources"
      },
      {
        "code": "path-resource",
        "value": "input/vocabulary"
      },
      {
        "code": "path-resource",
        "value": "input/maps"
      },
      {
        "code": "path-pages",
        "value": "template/config"
      },
      {
        "code": "path-pages",
        "value": "input/images"
      },
      {
        "code": "path-tx-cache",
        "value": "input-cache/txcache"
      }
    ]
  }
}